<?xml version="1.0" encoding="utf-8" ?>

<component name="PosterItem" extends="Group">
    <interface>
        
        <field id="itemContent" type="node" onChange="itemContentChanged" />
    </interface>

    <script type="text/brightscript">
        <![CDATA[
            Sub Init()
                m.Poster = m.top.findNode("poster")
                m.itemLabel=m.top.findNode("itemLabel")
                m.catname=m.top.findNode("catname")
            End Sub
            Sub itemContentChanged()
                m.Poster.uri = m.top.itemContent.HDPOSTERURL
                m.itemLabel.text= m.top.itemContent.Title
            End Sub
           
            ]]>
    </script>
    <children>
        
     <Label
     id="catname"
     text=""
     color="#ffffff"
     width="200"
     height="30"
     font = "font:MediumSystemFont"
     translation = "[ 0,0]" 
     />

        <Poster
        id="poster"
        width = "210" 
      height = "120"
      loadwidth="210"
      loadheight="120" 
        loadDisplayMode="scaleToFill"
        translation="[0,0]"
       > 
       
       <Rectangle
        color="#000000"
        width = "210" 
        height = "20"
        translation = "[ 0,100]" 
        opacity ="0.8"
       >
      <ScrollingLabel 
            id = "itemLabel" 
            translation = "[ 0,5]" 
            repeatCount="-1"
            textAlign="center"
            color="#ffffff"
            width = "180"
            font = "font:SmallestSystemFont"
            height = "0"
            horizAlign = "center"
            vertAlign = "center"
            scrollSpeed="60"
            maxwidth="200"
            maxLines= "1"
            wrap = "true"
            numLines = "1"
            >
            </ScrollingLabel>  
        </Rectangle> 
      
    </Poster>

        <!-- Shaded Overhang to display the focused content in the RowList-->
 

    </children>
</component>